variable,rho_spearman,p_value_two_sided,p_value_one_sided_negative,decision_alpha_0_05,saltos_no_monotonicos_esperando_decrecer,total_saltos
log_tiempo,0.05675407166956979,0.22643853781469328,0.8867807310926533,No rechazar H0,4,10
requisitos,0.15636699450445865,0.0008065034841045272,0.9995967482579478,No rechazar H0,5,10
formatos,0.13828657969967723,0.0030852146490712128,0.9984573926754644,No rechazar H0,3,10
indice_carga,0.16387622788236372,0.00044205221114805647,0.9997789738944259,No rechazar H0,5,10
